brahui	english	donor	frequency	native_alternatives
ábád	populated; cultivated; prosperous	Farsi	10	vasam
acának	suddenly	Hindi-Urdu	1	nágumán-á; náhimgán-ná; salá-balá
adá	brother; guys; sir	Sindhi	5	ílum; báva-lumma
aeb	fault	Arabic	1	bala
aesás	sense of touch; feeling	Arabic	1	kac
ahvál	news	Arabic	10	đha; havál
áhvál	news	Arabic	6	đha; havál
áhválakárí	publicity; press	Balochi	1	dab tin-ińg
ájo	free	Balochi	7	yala; yalaí
amán	safety; protection	Arabic	6	rak
amír	rich; respectable	Arabic	5	mír
amn-emní	peace	Arabic	1	xaer
andar	hiding; inside	Farsi	1	andarí; tah; tahŧí; teh
ańjám	promise; date	Arabic	1	mann-ińg
aoliád	children	Arabic	3	zehzád
aosar	boss	English	3	báva
aŕdosar	both	Farsi	5	aŕtomá; haŕtoká; haŕtomá; tomká
armán	hope; yearning; aspiration; grief; regret	Farsi	19	hiđđiká
áşik	lover; crush	Arabic	5	gáda
ásmán	heaven; sky	Farsi	15	buŕz
ásopáso	vicinity	Sindhi	1	xuŕk
aval	first	Arabic	11	aolíko; avalmíko; avlíko
ávál	news	Arabic	3	đha; havál
axir	finally; maybe	Arabic	6	guđsará; hala o hala; balki; balkin; bar ki; cá-va; diccá; hae ki; navá; yańra; yańran
áxir	finally; eventually	Arabic	16	guđsará; hala o hala
áxubat	future	Arabic	4	mon
ázát	free	Farsi	2	yala; yalaí
bábá	dear	Farsi	5	abá; bevas; ģaríb; ján
bábú	learned man; sir	Hindi-Urdu	7	báva-lumma
baccú	son	Farsi	16	maļ; már; moŧo
bad	bad; wrong	Farsi	5	lunđ
bad	anger	Farsi	0	xár
badal	change	Urdu	12	maŧ
badan	body	Arabic	8	ján; jind; jon
badrú	bad	Farsi	1	lunđ
baģal	side	Farsi	10	guar; gurá; nem; pánád; páraģ; pʰálú; ra; rah; rahí; raí
bálişt	pillow	Farsi	2	baŕzí
bálŧín	bucket	Urdu	3	caŕah; urullá
band	closed; used up; vital	Farsi	21	muc; tar
barábar	correct; exactly; flat	Farsi	3	safá; ŧák; patan; thápal; tikka
bardáşt	fortitude	Farsi	1	sag
barebar	equal	Farsi	3	siyál
barjá	start	Balochi	5	harf-ińg; lagg-ińg; peş tamm-ińg
bázár	market	Farsi	8	piŕí
bezár	desperate; disappointed	Farsi	2	đukkiá
bíbí	lady	Urdu	74	godí
bij	seed	Hindi-Urdu	3	gađđa
biná	beginning; start	Balochi	9	harf-ińg; lagg-ińg; peş tamm-ińg
birádarí	company; relative	Farsi	1	siyál; tenáí
biyábaxaer	welcome	Farsi	1	ba xaeraŧ
bo	smell	Farsi	3	zabád
bolí	talk; dialect	Hindi-Urdu	1	báduví
búŧí	piece	Hindi-Urdu	1	bur; cunđ; gappal; kaŕo; ŧukkar; ŧukkur
cakkul	spring	Balochi	11	hatam
camk-ińg	to shine	Farsi	2	cimikk-ińg; jarakk-ińg; jirikk-ińg
cammakk-ińg	to shine	Farsi	1	cimikk-ińg; jarakk-ińg; jirikk-ińg
candí	several	Farsi	10	kehí
cándí	silver	Hindi-Urdu	2	píhun
capla	slap	Farsi	2	capánŧ
cappal	sandal	Hindi-Urdu	1	cavaŧ
carx	circle	Farsi	1	pʰerí
cáxú	knife	Farsi	3	kattár
cehra	face	Farsi	2	búz; mon
ciráģ	lamp	Farsi	7	battí; sor
cokará	boy	Sindhi	1	már
dam	breath	Farsi	4	sá; sáh
dána	fruit; piece; grain	Farsi	8	bur; cunđ; gappal; kaŕo; ŧukkar; ŧukkur
dáná	wise	Farsi	6	guşáda
dáńh	grumble	Sindhi	1	raŧ-ińg
daŕd	grief; pain	Farsi	11	husoní; xaļ
darga	gate	Farsi	7	bá
darváza	door	Farsi	6	bá
đas	advice,clue,whereabouts	Balochi	16	pant
daspák	handkerchief	Balochi	2	rúmál
davá	medicine; punishment	Arabic	5	caŧŧí; cikkís; mahmez
đe	place; country	Balochi	3	hand
dildast	palm	Balochi	2	talaf
dimáģ	mind	Arabic	1	can; ust
dín	faith	Arabic	17	sixt
dobá	blame	Sindhi	1	đarrí; doba
đođí	bread	Pashto	2	iraģ
đoh	blame	Sindhi	1	đarrí; doba
dost	friend	Farsi	1	ambal; belí; gáda
droģ	shade; lie	Farsi	4	bʰáf; ŧaká
droşum	feature; appearance	Balochi	4	đek; vadí
drust	whole	Balochi	4	muc; tevaí
duára	again	Farsi	1	padá; valdá; valdáí; vallá
dunyá	world; society; money	Arabic	43	kúŕí; zar
duráx	well; healthy; whole	Balochi	3	dún; joŕ; juání-aŧ; juáníká; ki are; kúh; xaer; yańra; yańran; yarań; sabbar; muc; tevaí
duroģ	lie	Farsi	4	bʰáf; ŧaká
duroşum	appearance	Balochi	3	đek; vadí
duvára	again	Balochi	4	padá; valdá; valdáí; vallá
duvárá	again	Balochi	1	padá; valdá; valdáí; vallá
eńş	luxury	Arabic	1	daor
fareşán	worry	Farsi	4	cikár; cikkís; curt; gaŕ; gaŕattí; múńjáí
fark	different	Arabic	3	pen-vaŕ
faryád	complaint	Farsi	1	ģáv
fidá	devoted	Arabic	1	gʰorí
fikir	concern; worry	Arabic	2	cikár; cikkís; curt; gaŕ; gaŕattí; múńjáí
fikr	concern; worry	Arabic	1	cikár; cikkís; curt; gaŕ; gaŕattí; múńjáí
filán	so and so	Arabic	7	filána; filáná; filání
fuŧ	foot	English	2	más
gadr mann-ińg	to be lost	Balochi	0	parreńg-ing; ziyán hin-ińg
gal	cheerful; happy	Balochi	4	cúr; galán
gal o bál	joyous and happy	Balochi	1	gal o galbál
galí	door	Hindi-Urdu	7	bá
ģalla	grain	Farsi	14	kaŕo
gand	smell	Farsi	10	zabád
ganda	bad	Farsi	2	lunđ
ganŧa	hour	Hindi-Urdu	2	gʰanŧ
ģaraz	use; handle	Arabic	1	marģ
gáŧ	guard	English	15	sipáí
geştir	too much	Balochi	3	geştrí
gʰaŕí	clock	Hindi-Urdu	1	gaŕí
gicen	fine; choice	Balochi	8	caŧŧí; zabr
golí	bullet; pill	Hindi-Urdu	1	sum
gon	together	Balochi	2	avár; aviŕda; tud
guđ	after	Balochi	31	pad; padá
gul o gulzár	flower garden; happiness	Farsi	1	gal o bál
ģulám	slave	Arabic	1	me
gumán	feeling; thought; guess	Farsi	6	kac; curt; gaŕtí; ŧak
ģussa	anger	Arabic	7	xár
hak	right	Arabic	24	rástíko
hakíkat	truth	Arabic	1	rástokís
hálát	situation	Arabic	4	hál; vaŕ
hálíyat	situation	Arabic	3	hál; vaŕ
hameşa	always	Farsi	1	caŕa; sánda; yakká
har-vár	every-time	Farsi	4	har-jár; har-vaxt
háran	horn	English	8	marģ
haŕdusar	both	Farsi	0	aŕtomá; haŕtoká; haŕtomá; tomká
harú-barú	surely; certainly	Sindhi	1	asul; sahí; zaror; zarúr
haŧŧ o sajjá	health	Sindhi	1	haŧ-sajjá
hazgár	rich man	Farsi	1	mír
hikkí	throat	Urdu	2	guŧ; guŧlú
hoş	sense; consciousness	Farsi	10	áfáx; apáx; ceŧ; sár; samá
hukum	order	Arabic	8	hakkal; havála
ikrár	promise	Arabic	1	mann-ińg
ímán	faith	Arabic	4	sixt
inám	reward	Arabic	1	mistáí
inşálá	maybe	Arabic	2	balki; balkin; bar ki; cá-va; diccá; hae ki; navá; yańra; yańran
itlá	news	Arabic	1	đha; havál
izzattí	honorable	Arabic	1	ģaerattí; pírińgá
já	place	Balochi	2	hand
jága	place	Hindi-Urdu	50	hand
jagŕa	argument	Hindi-Urdu	1	raŧ o kuŧ
jah	place	Balochi	2	hand
jahán	world; area	Farsi	3	kúŕí
jańg	fight; battle	Farsi	35	cikk o táŕ
jańjál	problem	Hindi-Urdu	1	sorí
jáńjoŕ	healthy	Farsi	1	sabbar
jaoza	feeling	Arabic	3	kac
jʰolí	vow; plea; cloth	Hindi-Urdu	2	mannişt
jʰupp-ińg	to jump	English	2	jupp-ińg; siŧŧ-ińg; tarađđ-ińg; tarđ-ińg
jí	yes	Hindi-Urdu	18	belí; há; hán; hao; hau
jihán	world; area	Farsi	2	kúŕí
jins	thing	Arabic	2	giŕá
juán	good; okay; well	Balochi	80	dún; joŕ; juání-aŧ; juáníká; ki are; kúh; xaer; yańra; yańran; yarań
kabúl	accepted	Arabic	3	amanná
kál	call	English	1	tavár; xuá-ińg; xuáif-ińg
kalák	hour	Balochi	1	gʰanŧ
kam	little	Farsi	16	cunak
kammí	shortage	Farsi	1	kambútí; káxtí
kaol	pledge; promise	Arabic	7	mann-ińg
kár	action; work	Balochi	4	kárem
kaŕak	hole	Balochi	1	dos; kađ; kʰađ
káŧan	cardboard	English	1	gatta
keb	near	Balochi	1	guar-á; gurá; más; más-á; xuŕk
kímat	price	Arabic	5	baxá
kissa	story; gossip	Arabic	17	hít
kođ	hole	Balochi	1	dos; kađ; kʰađ
kudrat	nature; power; will	Arabic	11	hál; sek; vas
kukkuŕ	hen	Hindi-Urdu	1	kukuŕ
kul	all	Arabic	83	ģuŧ; muc
kul	all	Arabic	0	ģuŧ; muc
kusúr	fault	Arabic	1	bala
laŕza	shiver	Farsi	1	laŕz-ińg
láş	corpse	Turkic	1	dhúnđ; đhúnđ
láşa	corpse	Turkic	1	dhúnđ; đhúnđ
laşkar	army; group	Farsi	4	gal; kaŕda
lođ	load	English	4	bađ; barí; bʰarí
maedán	field; ground	Farsi	11	đaģár; paŧ
maga	but	Farsi	9	bas; vale; vali
magar	but	Farsi	9	bas; vale; vali
maģaz	brain	Arabic	1	milí
máí	lady	Hindi-Urdu	18	godí
máí-báp	boss	Hindi-Urdu	2	báva
maíyat	corpse	Arabic	1	dhúnđ; đhúnđ
majbúr	helpless; compelled	Arabic	3	áhirí; bevák; bevas
majbúrí	compulsion	Urdu	2	zorákí
majilis	meeting; party	Arabic	2	kacárí
majlis	meeting; party	Arabic	16	kacárí
makkahí	maize	Hindi-Urdu	1	zurrat
mál	grocery; property; sheep	Arabic	6	meļ
málá-mál	rich	Urdu	1	mír
máldár	rich	Arabic	2	mír
mámila	matter	Arabic	4	hít
maot	death	Arabic	3	hajal; kazíyat
mark	death	Balochi	4	hajal; kazíyat
márkíŧ	market	English	1	piŕí
marzí	wish	Arabic	3	ust-xuáí; xuáindárí
masxara	jest; joke	Farsi	2	cattar
mattá	attempt	Sindhi	2	jatpat
mattáh	attempt	Sindhi	1	jatpat
mazģ	brain	Arabic	1	milí
mazzúrí	labor	Farsi	2	ģaríbí
mehr	love	Farsi	22	mehr o mábat
mex	nail	Farsi	1	hor-hađ
misál	example; appearance	Arabic	2	đek; vadí
misil	appearance	Arabic	1	đek; vadí
mizzil	distance; halting place	Arabic	11	piŕ
moŧarsáíkal	motorcycle	English	1	paŧpaŧońk
mudám	always; forever	Farsi	2	caŕa; sánda; yakká
mudámí-kin	forever	Farsi	1	sánda
muddat	season; period	Arabic	2	cilla
múş	mouse	Farsi	1	hal
na	neither; nor	Farsi	54	nae
nágumán	suddenly; unexpected	Farsi	4	nágumán-á; náhimgán-ná; salá-balá
nakil	story	Arabic	2	hít
náráz	angry	Farsi	1	xar
nazar	look; eye; viewpoint; perspective	Arabic	17	xan
nem-şaf	midnight	Balochi	2	nan-nema; nemnan
nema	half; middle; equal; side	Farsi	6	kap; kʰap; nám; niyám; niyámíko; siyál; guar; gurá; nem; pánád; páraģ; pʰálú; ra; rah; rahí; raí
nestí	poverty	Farsi	1	dú-tańkí; ģaríbí; lańgaŕí
nezgár	poor man	Farsi	1	ģaríb
nezgárí	poverty	Farsi	4	dú-tańkí; ģaríbí; lańgaŕí
nidára	view; sight; scene	Arabic	11	nadára
níl	blue	Farsi	1	xarrun
nirx	price	Farsi	2	baxá
núr	light	Arabic	1	đíva; đívá; tajallí
omet	hope	Farsi	12	hiđđiká
paesa	money	Hindi-Urdu	12	zar
pák	holy; clean	Farsi	3	safá
palańg	bed	Sanskrit	2	kaŧ
pám	attention	Balochi	2	sud; xiyáldárí
panrec	defoliation	Balochi	1	pʰanşol
paŕda	curtain; protection; eardrum	Farsi	6	killa; paźdar; rak
pareşán	worried	Farsi	3	múńjá
páso	side	Sindhi	1	guar; gurá; nem; pánád; páraģ; pʰálú; ra; rah; rahí; raí
pázvár	footwear	Balochi	1	littir
peşání	forehead	Farsi	8	tídár
pilán	so and so	Arabic	4	filána; filáná; filání
pír	aged; old	Farsi	18	mutkun
pír-maŕd	old-man; sir	Farsi	9	báva-lumma
po	wise	Balochi	1	guşáda
púrá	whole	Hindi-Urdu	11	muc; tevaí
raģ	nerve	Farsi	1	tár
rańj	cruelty	Farsi	1	zálimí
rást	right	Farsi	3	rástíko
rást	truth; righteousness	Farsi	10	rástokís
raván	active; going	Farsi	3	ráhí; ráí
rází	satisfied	Arabic	1	ser
riváj	manner	Arabic	1	đaol
rođ	road	English	1	kasar
roşnáí	light	Farsi	7	đíva; đívá; tajallí
roźnáí	light	Balochi	2	đíva; đívá; tajallí
rú	soul; mood	Arabic	3	sir; vák
ruźnáí	light	Balochi	1	đíva; đívá; tajallí
sáat	moment; minute	Arabic	7	jʰaŧ
şábás	I order; well done	Farsi	8	şábá
şábáş	I order; well done	Farsi	1	şábá
sáf	clean	Arabic	8	safá
safar	travel	Arabic	1	xall-ińg
sáhat	second; moment	Arabic	1	iraŧŧamíko; jʰaŧ
sáhib	officer; mister	Arabic	1	ján
saí	all right	Arabic	15	sahí; xaer
şakar	sweet	Farsi	38	hanen
salá	advice; decision; inquiry; plan	Arabic	10	pant
salám	greeting	Arabic	12	bʰaŕjoŕí; duráxjoŕ
salámat	majesty; peace	Arabic	15	xaer
sámán	luggage	Farsi	2	mađđí
sangat	friend	Hindi-Urdu	0	ambal; belí; gáda
saodá	sale	Urdu	7	bahá; baxá
sar	head; front; beginning	Farsi	3	káŧum; mon
sara	head	Balochi	2	káŧum
şarajara	meeting	Arabic	1	kacárí
saŕak	road	Urdu	11	kasar
şarminda	ashamed	Farsi	1	şakkí
sarpand mann-ińg	to understand	Balochi	0	po mann-ińg; samj-ińg
savab	result; reason	Arabic	3	leka
saváb	help; reward	Arabic	1	mistáí
saxt	tight; tough; extremely	Farsi	17	gʰaŧ
saxtí	difficulty; toughness	Farsi	2	bebaxtí; kalaí; sorí
sídá	straight	Hindi-Urdu	4	bisaŧ
siddá	straight	Hindi-Urdu	13	bisaŧ
şikár	game; hunting	Arabic	6	şikára
sizá	punishment	Farsi	4	caŧŧí; cikkís; mahmez
sízan	season	English	1	cilla
soc	thought	Hindi-Urdu	19	curt; gaŕtí; ŧak
soj kann-ińg	to ask	Balochi	1	harrif-ińg
sońŕá	beautiful	Sindhi	1	zebal; zebdár
subak	light; very young	Farsi	3	đíva; đívá; tajallí
súrat	beauty	Arabic	1	şádurí
şurú	start	Arabic	1	harf-ińg; lagg-ińg; peş tamm-ińg
şurú mann-ińg	to start	Arabic	0	mon kann-ińg; sar hall-ińg
tab	health; mood; personality	Arabic	10	haŧ-sajjá; sir; vák
tabáhí	destruction	Farsi	1	bala; saŧ
tađđá	carpet; hut	Sindhi	2	konŧ; paŕc; jug
táģat	power; comfort	Arabic	4	hál; sek; vas; ásrátí
tahárma	darkness	Balochi	4	tahárí; tármaí; úndáí
tamám	whole	Arabic	2	muc; tevaí
tambú	tent	Hindi-Urdu	3	gidán
tańk	tight	Farsi	2	gʰaŧ
tanxá	wages	Farsi	1	kʰaŧŧiá; poriyá
tanyá	alone	Farsi	1	yaka
tiđ	locust	Hindi-Urdu	1	malax
toşa	provision; gift	Farsi	3	ŧekí
turundí	force; anger	Balochi	4	xár
ŧabbar	relative	Hindi-Urdu	2	siyál; tenáí
ŧáńg	leg	Hindi-Urdu	1	nat; páca
ŧem	time	English	12	daor
ŧhappí	injured; wounded	Balochi	7	jurr o bur; nur o jur; ŧappí
ŧolí	group	Hindi-Urdu	2	gal; kaŕda
ufallá	alas	Arabic	1	abá; ae; huf; ufaŕesk
uff	alas	Arabic	7	abá; ae; huf; ufaŕesk
umar	age; lifespan; forever	Arabic	1	vahí; sánda
vabál	problem	Arabic	1	sorí
vahm	obsession; worry	Arabic	2	cikár; cikkís; curt; gaŕ; gaŕattí; múńjáí
vajúd	feeling; existence	Arabic	1	kac
vákaí	really	Arabic	1	jáí
valáit	all over	Arabic	1	tevaí
vár	time; turn; mood	Hindi-Urdu	40	daor; sir; vák
varandí	reply	Sindhi	7	valdí
várí	round; time	Hindi-Urdu	4	daor
varx	leaf	Arabic	1	pan; pʰan
vaxt	time	Arabic	107	daor
xabar	news	Arabic	3	đha; havál
xaer-xuá	relative; mediator; peace maker	Arabic, Farsi	1	siyál; tenáí
xalás	free; released; finished	Arabic	10	yala; yalaí
xalk	family; village	Arabic	205	álum; xáhot
xána	house	Farsi	3	urá
xaráb	bad; wrong	Arabic	13	lunđ
xatá	mistake	Arabic	1	rad; radí; radíńk
xatam	finish	Arabic	4	caŧ kann-ińg; kúrod
xazána	treasury	Arabic	1	káńŕ
xiyál	attention; idea; thought; state of mind	Arabic	22	sud; xiyáldárí; cakkar; geg; curt; gaŕtí; ŧak
xuája	sir; lord; owner	Farsi	53	báva-lumma
xuaş	happy	Farsi	25	cúr; galán
xuaşşí	happiness	Farsi	13	gal o bál
xuást	request; interest	Farsi	2	dáń
xuş	happy	Farsi	6	cúr; galán
xuşşí	happiness	Farsi	3	gal o bál
yakdam	immediately	Farsi	1	asi-vár-ton; salá-balá; ŧaŕak; vár-aton
yaktanyá	alone	Farsi	1	yaka
yár	friend	Farsi	19	ambal; belí; gáda
yax	coldness	Farsi	20	yaxxí
zahrí	poisonous	Farsi	1	zárí
zál	lady	Farsi	1	godí
zálbúl	woman	Balochi	2	niyáŕí
zamána	time; generation; society	Farsi	7	daor
zan	wife	Farsi	2	cuná; urá; uráí; záífa
zán	knee	Farsi	12	gođ
zeb	beautiful	Farsi	0	zebal; zebdár
zeb	beauty	Farsi	3	şádurí
zebá	beautiful	Farsi	22	zebal; zebdár
zebáí	beauty	Farsi	4	şádurí
zind	life	Farsi	63	ján; sá; sah; sáh; vagr
zindagání	life	Farsi	1	ján; sá; sah; sáh; vagr
zindagí	life	Farsi	3	ján; sá; sah; sáh; vagr
ziyání	destruction	Arabic	1	bala; saŧ
ziyát	more	Arabic	19	battir
zor	power	Farsi	0	hál; sek; vas
zorávar	strong	Farsi	1	saoká
zubán	promise; language	Farsi	1	mann-ińg
zulm	cruelty	Arabic	1	zálimí
ábádí	settlement	Farsi	4	
adá kann-ińg	to fulfil	Arabic	1	
adal	justice	Arabic	4	
adálat	court	Arabic	1	
ádam	Adam	Arabic	1	
ádamí	human	Farsi	4	
ádamzát	human	Arabic	1	
ádmízát	human	Farsi	1	
ádumzát	human	Farsi	2	
aebdár	defective	Arabic	1	
aga	if	Farsi	60	
agar	if	Farsi	1	
agi	if	Farsi	5	
áh o pirád	alas and cry	Farsi	1	
áhúk	antelope	Farsi	1	
ajab	wonderful; unexpected	Arabic	10	
aládín	Aladdin	Arabic	1	
allá	God	Arabic	51	
allá-tálá	God	Arabic	3	
alláh	God	Arabic	7	
amal	action	Arabic	3	
ámax	silly	Arabic	2	
ambár	granary	Farsi	12	
ána	anna	Hindi-Urdu	7	
ańga	still	Balochi	3	
ańgúr	grape	Farsi	24	
arş	divine throne	Arabic	1	
arva	soul	Arabic	2	
arvá	soul	Arabic	1	
ásán	easy	Farsi	1	
ásí	sinner	Arabic	0	
assalám alekum	may peace be on you	Arabic	1	
ástúńk	cuff	Farsi	1	
ásúda	prosperous	Farsi	2	
asúl	rule	Arabic	1	
áxta	preoccupied; busy	Pashto	7	
azáb	torture	Arabic	2	
azábí	suffering	Arabic	7	
azal	beginning	Arabic	1	
ázán	azan	Arabic	3	
aźdihár	cobra	Farsi	6	
ázmáişt	challenge	Farsi	1	
ázmúndá	tested	Farsi	1	
ázmúńda	tested	Farsi	3	
bacc-ińg	to be left	Hindi-Urdu	17	
baccif-ińg	to save	Hindi-Urdu	4	
bádám	almond	Farsi	1	
badí	bad deed	Farsi	4	
badmáş	villain	Farsi	1	
badnasíb	bad luck	Farsi	1	
bádşá	king; bridegroom; owner	Farsi	453	
bádşáí	royal; kingly	Farsi	6	
bádşáí	kingdom; palace	Farsi	62	
baeskal	bicycle	English	4	
báģ	garden	Farsi	44	
bahál	normal	Farsi	2	
bahaşt	paradise	Farsi	1	
báid	mandatory; necessary	Balochi	2	
báísaekal	bicycle	English	1	
bakár	necessary; required	Balochi	3	
balá	goblin	Arabic	17	
balađ pireşar	blood pressure	English	1	
balf	bulb	English	1	
baloc	Baloch	Farsi	7	
bamb	bomb	English	2	
band o bast	some treatment; arrangement	Farsi	2	
bandí	prisoner	Farsi	3	
báńg	crow of a cock	Farsi	3	
bańgula	bungalow; palace	English	19	
banián	underwear	Arabic	1	
bánsurí	flute	Hindi-Urdu	1	
barf	snow; ice	Farsi	12	
barjá	ongoing	Balochi	2	
barosa	guarantee	Hindi-Urdu	1	
bartanía	Britain	Urdu	1	
barxiláf	opposed	Farsi	3	
barxiláf	against	Farsi	1	
básk	upper arm	Balochi	2	
başx	forgiving; share; distribution	Farsi	31	
baxál	Hindu	Arabic	0	
baxt	luck	Farsi	8	
baxtávar	lucky	Farsi	1	
baxxál	Hindu	Arabic	29	
bayábán	wilderness	Urdu	2	
be-nisíb	without-fortune	Farsi	1	
bedáģ	spotless	Farsi	1	
beģaerat	shameless	Farsi	6	
beģam	without sorrow	Farsi	1	
beguá	kidnapped	Balochi	2	
beguhá	kidnapped	Balochi	1	
behoşí	coma	Farsi	1	
bemál	without dower	Arabic	1	
bemálúm	unknown	Arabic	1	
benumází	not praying	Farsi	1	
benusxání	harmless	Arabic	1	
berahm	merciless	Farsi	1	
berozgárí	joblessness	Farsi	1	
berum	bedding	Balochi	3	
betábírí	forecastless	Arabic	1	
betáģat	eager	Arabic	1	
bevafá	faithless	Farsi	1	
bexud	stupor	Farsi	1	
bʰańg	hemp	Hindi-Urdu	1	
bʰańgí	sweeper	Hindi-Urdu	1	
bʰera tin-ińg	to stall	Sindhi	0	
bidar	stranger	Balochi	1	
bigil	drumroll	English	2	
bímár	sick	Farsi	3	
bismilláh	in God's name	Arabic	12	
bíst	twenty	Hindi-Urdu	4	
bişxinda	smile	Balochi	16	
bulbul	nightingale	Farsi	1	
buzgal	goats	Farsi	3	
buzurg	holy; authoritative	Farsi	10	
buzurg	saint; holy person	Farsi	14	
cá	tea	Farsi	12	
cábí	key	Hindi-Urdu	1	
cađđáh-ińg	to detach	Sindhi	2	
cáe	tea	Farsi	2	
cágiŕd	circumstance	Balochi	2	
cakk-ińg	to taste	Urdu	1	
call-ińg	to drive	Urdu	0	
callef-ińg	to drive	Urdu	3	
calleńg-ing	to operate; start working	Urdu	14	
callińg-ing	to be working; be usable	Urdu	2	
caman	lawn	Farsi	3	
cáńŕda	fourteen	Farsi	7	
cappíko	left	Farsi	5	
caprástí	peon	Farsi	2	
cár	four	Farsi	23	
cárdast	gallop; dash	Farsi	1	
cárí	in wait	Balochi	7	
carp	anointing	Farsi	3	
caŕs	hashish	Urdu	1	
caşma	fountain; look	Farsi	8	
cáşt	late morning	Farsi	3	
cicciŕ	offal meat	Hindi-Urdu	2	
cilim	tobacco; hookah	Hindi-Urdu	7	
ciŧŧí	letter	Hindi-Urdu	17	
cokarí	maidservant	Sindhi	7	
coş filání	term of abuse	Balochi, Arabic	1	
cup	quiet	Hindi-Urdu	13	
cuŧŧí	holiday	Hindi-Urdu	2	
dabba	box; luck; fate	Hindi-Urdu	1	
daftar	office	Farsi	6	
daftarí	of office	Farsi	2	
dáí	midwife	Hindi-Urdu	2	
đáksar	doctor	English	18	
dalíl	reasoning; logic	Arabic	3	
dalvat	wealth	Arabic	5	
damám	kettledrum	Farsi	1	
dámán	basin	Farsi	2	
đanđá-kúnđá	pestle-mortar	Hindi-Urdu	1	
đańg	bite,stabbing	Hindi-Urdu	2	
dáńkú	parched grain	Balochi	2	
dannán	tooth	Farsi	4	
dantán	tooth	Farsi	1	
darak	notice	Arabic	4	
daŕakko	threat	Sindhi	1	
daraxt	tree	Farsi	1	
darbár	royal court; council	Farsi	10	
daŕd o ģam	grief and sorrow	Farsi	2	
dáŕel	bandit	Sindhi	5	
darşán	sight	Balochi	2	
dárú	medicine	Farsi	2	
dárú-darmán	medicine and treatment	Farsi	2	
darxuást	application	Farsi	1	
daryá	river	Farsi	7	
daryáb	river	Balochi	2	
darzí	tailor	Farsi	18	
daşt	plateau; Dasht	Farsi	7	
dává	claim	Arabic	1	
dávat	invitation	Arabic	3	
des-pardes	country to country	Hindi-Urdu	1	
dev	giant	Farsi	60	
dhartí	earth	Urdu	1	
đhe	area	Balochi	2	
dhobí	washer	Hindi-Urdu	7	
dída	iris of an eye	Farsi	1	
dídár	sight	Farsi	1	
đigrí	degree	English	2	
diler	bold man	Farsi	2	
diştár	fiancee	Balochi	1	
dívál	wall	Farsi	9	
díván	council	Balochi	10	
diyámán	basin	Farsi	7	
do-sad	two-hundred	Farsi	1	
dobí	washer	Hindi-Urdu	2	
dol	drum	Hindi-Urdu	11	
dost	fond; attached	Farsi	8	
draxt	tree	Farsi	38	
drot	hand kissing; salutation	Balochi	2	
du-sad	two-hundred	Farsi	1	
duá	prayer	Arabic	13	
duáńzda	twelve	Farsi	5	
đub	drowning	Hindi-Urdu	4	
đuk	grief; sorrow	Hindi-Urdu	4	
đukkál	drought	Balochi	2	
dukkán	shop	Arabic	12	
dukkándár	shopkeeper	Arabic	1	
duşman	enemy	Farsi	7	
duz	thief	Farsi	11	
duzz-ińg	to steal	Farsi	1	
duzzí	theft	Farsi	6	
eb-keb	here and there	Balochi	1	
ejizza	female	Arabic	4	
esarí	end	Balochi	2	
etáj o motáj	dependent	Arabic	1	
evaz	revenge	Arabic	1	
faesila	decision	Arabic	16	
faojí	army	Farsi	1	
fareşání	concern	Farsi	1	
farişta	angel	Farsi	2	
fasád	quarrel	Arabic	1	
fasal	harvest	Arabic	1	
fesila	decision	Arabic	0	
firáx	broad	Arabic	2	
foŧú	photo	English	2	
gáđí	vehicle	Hindi-Urdu	11	
ģaebí	invisible	Urdu	1	
ģaerat	honor	Farsi	4	
gaes	gas	English	2	
ģam	sorrow	Arabic	18	
gańj	plentiful	Balochi	1	
gap	speaking	Hindi-Urdu	12	
ģár	cave	Arabic	3	
ģaríb	poor	Arabic	53	
ģark	drowned	Arabic	1	
gaŧ	pressed	Balochi	1	
gaŧ	impasse	Balochi	1	
ģazab	giant	Arabic	1	
ģází	hero	Arabic	1	
gerij	guarage	English	1	
ģíbat	slander	Arabic	1	
girák	customer	Hindi-Urdu	2	
gírám	forgotten	Balochi	1	
guáhidí	testimony	Farsi	3	
guáŕix	tulip	Balochi	5	
gud	shawl	Balochi	22	
guđđíko	last	Balochi	15	
guđsar	final	Balochi	4	
gulúband	tying around	Farsi	1	
gulzamín	earth	Balochi	1	
gum	lost	Farsi	3	
gumgár	lost	Balochi	2	
guná	sin	Farsi	1	
gunágár	guilty	Farsi	1	
ģunđa	villain	Urdu	2	
guŕ	raw sugar	Hindi-Urdu	3	
gurj	need	Sindhi	4	
ģusul	bathing	Arabic	2	
ģusulxána	bathhouse	Arabic, Farsi	2	
guzrán	livelihood	Farsi	5	
habas	excitement; frenzy	Arabic	2	
habas	cry of triumph	Arabic	1	
hađ	bone	Hindi-Urdu	1	
hadd o havel	surrounding	Balochi	2	
haerán	surprised; wondering	Arabic	13	
haerání	wonder	Arabic	1	
haesíyat	status	Arabic	1	
háfiz	hafiz reciter	Arabic	2	
haft	seven	Farsi	36	
hafta	week; Saturday	Farsi	12	
haftád o haft	77	Balochi	8	
hájí	hajji	Arabic	1	
hajjám	barber	Arabic	22	
hak-başxí	forgiveness	Arabic	2	
hákim	ruler	Arabic	2	
hakk o insáf	right and justice	Arabic	1	
hakkí	genuine	Arabic	1	
hál o kár	words and deed	Balochi	1	
hál-ávál	catching up	Balochi	2	
hamsáya	neighbor	Farsi	1	
hár	necklace	Hindi-Urdu	4	
harámí	unlawful	Arabic	1	
harámxor	villain	Arabic	1	
haşt	eight	Hindi-Urdu	5	
hattakaŕí	handcuffs	Hindi-Urdu	2	
havelí	courtyard	Arabic	2	
hayá	shame	Arabic	2	
hayádár	modest	Arabic	1	
hazár	thousand	Farsi	6	
hazgárí	richness	Farsi	1	
hazrat	prophet	Arabic	3	
híla-vasíla	device-means	Arabic	2	
hilál	halal	Arabic	13	
himmat	courage	Arabic	3	
hírá	diamond	Hindi-Urdu	1	
hiŕs	interest	Arabic	2	
hírvan	cocaine	English	1	
hisáb	account; count; share	Arabic	13	
hisáb-kitáb	affairs	Arabic	1	
hisp cil kurraí	mare with forty foals	Farsi	10	
hoŧal	hotel	English	1	
hukúmat	government	Arabic	1	
huşár	shrewd	Farsi	2	
idára	organization	Urdu	2	
ijázat	permission	Arabic	1	
iláhí	divine	Arabic	3	
iláka	area	Arabic	9	
ímándár	honest	Arabic, Farsi	1	
imtián	test	Arabic	7	
ins	human	Arabic	2	
insáf	justice	Arabic	3	
insán	human	Arabic	9	
intizár	waiting	Arabic	11	
intizárí	waiting	Arabic	1	
intzár	waiting	Arabic	1	
iráda	intention	Arabic	2	
írání	Iranian	Farsi	1	
iskúl	school	English	9	
istár	star	English	3	
istirí	iron	Hindi-Urdu	2	
ixbár	newspaper	Arabic	3	
ixtiyár	authority; option	Arabic	2	
izráíl	angel Izrail	Arabic	1	
izzat	honor	Arabic	2	
jác	test	Sindhi	2	
jaģar	liver	Farsi	2	
jah o jága	funeral; burial	Farsi	3	
jahání	global; international	Farsi	2	
jahí	settled	Balochi	2	
jallád	hangman	Farsi	6	
jańg o jadal	revenge and fight	Farsi	1	
jańgal	jungle	Sanskrit	12	
jannat	heaven	Arabic	4	
járo	broom	Hindi-Urdu	1	
jazíra	island	Arabic	1	
jeb	pocket	Urdu	6	
jel	jail	English	1	
jʰańgal	jungle	Sanskrit	1	
jihándída	experienced	Farsi	1	
jin	spirit	Arabic	19	
jitá	separate	Farsi	7	
jitá	on the other hand	Farsi	1	
jo	stream	Farsi	10	
jol	cloth	Hindi-Urdu	1	
jolí	cloth	Hindi-Urdu	3	
joŕa	outfit; set of dress	Hindi-Urdu	2	
juání	goodness	Balochi	2	
juft	twin	Farsi	1	
julav	attack	Balochi	4	
jumma	Friday	Arabic	1	
jummá	Friday	Arabic	10	
jup	jump	English	6	
kabar	grave	Arabic	1	
kabr	grave	Arabic	3	
kabristán	cemetery	Arabic	1	
kacca	made of mud	Hindi-Urdu	1	
kadar	value; importance	Arabic	6	
kaed	confinement; prisoner	Arabic	1	
kaedí	prisoner	Arabic	0	
kaencí	scissors	Urdu	3	
kaez	jail	Arabic	1	
káf	Qaf	Arabic	1	
káfar	heretic	Arabic	1	
káģad	paper; document	Farsi	8	
káinát	universe	Arabic	3	
kaldár	kaldar	Balochi	1	
kamál	surprising	Arabic	1	
kamán	bow	Farsi	0	
kamáş	greyhaired; senior	Balochi	3	
kánúd	law	Arabic	1	
kaom	nation	Arabic	1	
kaoza	occupying	Arabic	3	
kaozagir	occupier	Arabic	1	
kár	car	English	3	
karfíú	curfew	English	2	
karíb	connections	Arabic	1	
kárinda	agent	Farsi	1	
kariyáb	out of order	Balochi	1	
kárváí	administration	Urdu	1	
kasam	oath	Arabic	9	
kásid	messenger	Arabic	12	
kast o káŕ	begrudger	Sindhi	1	
kaváb	kebab	Farsi	1	
kází	judge	Arabic	17	
kʰáj	wedding feast	Sindhi	3	
ki	COMP	Farsi	522	
kilba	Mecca	Arabic	1	
kirá	rental	Farsi	1	
kireŧ	crate	English	2	
kiŕkí	window	Hindi-Urdu	5	
kisib	skill	Farsi	1	
kismat	destiny; luck	Arabic	7	
kitáb	book	Arabic	6	
kitábí	provided in books	Arabic	1	
kiyámat	resurrection	Arabic	1	
kodak	innocent	Farsi	1	
kohjá	low; base; mean	Sindhi	1	
kors	course	English	1	
koşist	effort	Farsi	9	
kúca	street	Farsi	3	
kucak	dog	Balochi	47	
kuđđí	coop; stall	Sindhi	2	
kúlar	cooler	English	1	
kumak	support	Farsi	8	
kumakkár	supporter; protector	Farsi	1	
kurán	Qur'an	Arabic	13	
kuroŕpattí	billionaire	Hindi-Urdu	1	
kús	shirt	Arabic	4	
kustezan	jackass	Balochi	4	
kustizan	jackass	Balochi	3	
lácár	unsupported	Urdu	1	
láģar	skinny	Farsi	4	
láģarí	skinny	Farsi	2	
láix	suitable	Arabic	1	
láixí	ability	Arabic	1	
lak	lakh	Hindi-Urdu	5	
lálec	desire	Hindi-Urdu	3	
laoz	word	Arabic	1	
lárí	lorry	English	4	
lattáŕ-ińg	to trample	Hindi-Urdu	3	
leŧ	late	English	1	
levíz	levy	English	2	
liccax	mud	Balochi	1	
likk-ińg	to write	Hindi-Urdu	8	
lives	garment	Arabic	1	
luŧ	plunder	Hindi-Urdu	3	
mábat	affection	Arabic	4	
máda	female	Farsi	2	
madat	help	Arabic	4	
madrásí	Madras-style red	Hindi-Urdu	2	
maeva	fruit	Farsi	2	
máf	pardoned; waived	Arabic	4	
mafád	interest	Farsi	2	
mag	mug	English	1	
mahl	palace	Arabic	1	
majál	possible; impossible	Arabic	3	
maláik	angel	Arabic	1	
malańg	ascetic	Hindi-Urdu	17	
málik	lord; owner	Arabic	20	
malxmút	death angel	Arabic	1	
mámá	maternal uncle	Farsi	21	
maná	cancel	Arabic	1	
manşá	intention	Arabic	1	
manzúr	approved	Arabic	1	
masít	masjid; mosque	Arabic	2	
másŧar	teacher	English	1	
máşŧar	teacher	English	10	
másúm	innocent	Arabic	10	
másúm	infant	Arabic	0	
maşvara	consultation	Farsi	1	
masxat	goal; intention	Arabic	7	
maxalúk	people	Arabic	4	
maxlúk	people	Arabic	24	
maza-tíz	big fart	Balochi	1	
mazza	good	Farsi	1	
mazza	good taste	Farsi	1	
mazzil	storey	Arabic	1	
mazzúr	worker	Farsi	1	
mefal	night show	Arabic	1	
mefil	night show	Arabic	2	
mehl	palace	Arabic	4	
mehmán	guest	Farsi	4	
mehrabání	favor	Farsi	2	
mehrbán	benevolent	Farsi	6	
mela	festival	Hindi-Urdu	6	
memán	guest	Farsi	2	
memándár	host	Farsi	1	
memání	hospitality	Farsi	1	
míl	mile	Arabic	4	
mill-ińg	to meet; be available	Hindi-Urdu	14	
minnat	favor	Arabic	1	
minnatt o zárí	plea	Arabic	1	
minnatvár	grateful	Arabic	1	
minnatvárí	appreciation	Arabic	2	
minŧ	minute	English	2	
mírás	rich man and others; property	Arabic	2	
mişín	machine	English	1	
miŧŧú	parrot	Hindi-Urdu	23	
miyáú	meow	Hindi-Urdu	2	
mobáil	mobile handset	English	2	
mocaŕí	shoes	Hindi-Urdu	3	
mocí	cobbler	Hindi-Urdu	2	
mohlat	seeing off; extension	Arabic	2	
moka	occasion	Arabic	2	
mokal	permission; leave	Balochi	13	
mor	seal	Farsi	3	
mosam	weather	Arabic	2	
mosum	weather	Arabic	1	
motabar	headman	Arabic	1	
moŧal	vehicle	English	10	
mubárak	congratulated; blessed	Arabic	6	
mubárakbádí	congratulation	Arabic	10	
muddaí	claimant	Arabic	4	
muftí	gratis	Farsi	1	
mukábil	opposition	Arabic	1	
mukábila	opposition	Arabic	3	
mulk	country; field	Arabic	39	
mulk-bar mulk	from country to country	Arabic	0	
mullá	mullah	Arabic	20	
murád	goal	Arabic	2	
muŕdár	fail	Farsi	1	
musáfir	traveler	Arabic	5	
musalla	pray mat	Arabic	1	
musalmán	Muslim	Arabic	1	
musíbat	calamity	Arabic	1	
muşír	advisor	Arabic	1	
muşkil	difficult	Arabic	1	
musulmán	Muslim	Arabic	3	
muxbarí	spy	Farsi	1	
muzzúr	laborer	Farsi	2	
ná-ometí	disappointment; despair	Farsi	4	
nac	dance	Hindi-Urdu	1	
nác	dance	Hindi-Urdu	11	
naf	gain	Arabic	2	
nafl	nafl prayer	Arabic	2	
náhak	unjustly	Farsi	3	
náib	deputy	Arabic	12	
nájoŕ	sick	Balochi	5	
nájoŕí	sickness	Balochi	3	
nálí	sewage	Hindi-Urdu	1	
nambar	number	English	3	
nántám	kitchen work	Farsi	1	
naol-naol-aná	of various types	Arabic	1	
nar	male	Farsi	2	
narián	stallion	Farsi	5	
narína	male	Farsi	6	
nasíb	fate; luck	Arabic	3	
nasíbí	fortune	Arabic	1	
naváb	governor	Arabic	1	
názurk	delicate	Balochi	2	
nek	good	Farsi	1	
nekí	good deed	Farsi	11	
nemroc	midday	Balochi	6	
nest	poor	Farsi	1	
nífa	belt loop	Farsi	1	
nihál	sapling; young plant	Farsi	3	
niká	marriage ceremony	Arabic	18	
nimik	salt	Farsi	14	
nimik harám	traitor	Farsi, Arabic	1	
nişán	sign; showing	Farsi	3	
nişání	sign	Farsi	6	
niváz	prayer	Farsi	1	
nivişta	written	Balochi, Farsi	1	
níyat	intention	Arabic	1	
nizám	system	Arabic	2	
nizor	weak	Balochi	9	
noása	grandchild	Farsi	1	
nokarí	employment	Farsi	6	
noŧ	note	English	1	
nuksán	damage	Arabic	3	
numáz	prayer	Farsi	12	
núr	blessed	Arabic	1	
nusxán	harm; damage; loss	Arabic	5	
nuxsán	harm; damage; loss	Arabic	1	
oliád	offspring	Arabic	1	
oŧal	restaurant	English	1	
padgír	private eye	Balochi	1	
paedal	by foot	Hindi-Urdu	1	
paesila	decision	Arabic	1	
páida	benefit	Arabic	1	
pákí	razor	Farsi	1	
pakká	clear; evident; determined	Hindi-Urdu	8	
pakká	cement	Hindi-Urdu	1	
pakoŕá	fritter	Hindi-Urdu	2	
palásŧik	plastic	English	7	
paláşŧik	plastic	English	1	
pález	melon patch	Farsi	7	
pálezbán	melon patch owner	Farsi	3	
pallí	peanut	Hindi-Urdu	1	
pámdár	attentive	Balochi	1	
panc	five	Farsi	18	
pańjá	fifty	Farsi	7	
páńzda	fifteen	Farsi	1	
páp	sin	Sanskrit	1	
parańgí	British; Westerner	Farsi	7	
parca	report	Farsi	2	
paŕdadár	observing pardah	Farsi	1	
pardesí	foreigner	Hindi-Urdu	1	
parí	fairy	Farsi	110	
parra	wing	Farsi	3	
parx	difference	Arabic	3	
pás	section	Farsi	3	
pása	section	Farsi	1	
patlún	trousers	Urdu	1	
paŧŧ o pol	search	Balochi	1	
pávál	nomadic	Balochi	1	
paxír	wanderer	Arabic	6	
peŧí	box	Hindi-Urdu	2	
pinşin	pension	English	1	
pípal	name of a tree	Hindi-Urdu	1	
pír	temple	Farsi	1	
pír-zál	old-lady	Balochi	4	
píra-maŕd	old man	Farsi	5	
piráx	broad	Arabic	1	
píŕí	generation	Hindi-Urdu	2	
pişŧol	pistol	English	1	
piyála	cup	Farsi	5	
posŧ	post; position	English	4	
pul	plunder	Sindhi	0	
pulús	police	English	1	
pur-bahár	full of spring	Farsi	1	
pur-cas	full of interest	Balochi	1	
pur-mehr	full of love	Farsi	2	
rab	god	Arabic	3	
rabbaŕ	rubber	English	2	
ráda	sending	Balochi	3	
rág	drama	Hindi-Urdu	8	
raís	headman	Arabic	5	
ráj	dominion	Hindi-Urdu	4	
rakát	unit	Arabic	1	
rán	thigh	Farsi	10	
rańg	color; frustration	Farsi	13	
rasm	upbringing	Arabic	1	
ráşon	leader	Balochi	6	
rasúl	prophet	Arabic	8	
ravádár	tolerant	Farsi	1	
raxşa	rikshaw	English	1	
razá	will	Arabic	2	
reşmí	silken	Urdu	1	
ret list	price list	English	1	
rillí	blanket	Sindhi	5	
ríş	beard	Farsi	4	
rob	arrogance	Arabic	2	
rofa	weeding	Farsi	3	
roşan	bright	Farsi	4	
rozí	sustenance	Farsi	1	
rúpí	rupee	Hindi-Urdu	4	
ruppaí	rupee	Hindi-Urdu	20	
rúppí	rupee	Hindi-Urdu	4	
rusváí	disgraceful	Farsi	1	
rusxat	permission	Arabic	1	
ruxsat	farewell	Arabic	1	
sabar	calmness	Arabic	1	
sabax	lesson	Arabic	2	
sábún	soap	Arabic	1	
sad	hundred	Farsi	8	
şádkámí	pleasure	Farsi	1	
sadxa	sacrifice	Arabic	3	
saekal	bicycle	English	3	
sael	sight; cell battery	English	8	
saemár	cobra	Balochi	1	
şaer	poem; song	Arabic	15	
şaetán	Satan	Arabic	4	
şaezádí	royal	Farsi	1	
sáf	dawn; daybreak	Arabic	7	
safáí	sanitation	Urdu	1	
ság	spinach	Hindi-Urdu	1	
ságí	similar; same	Sindhi	3	
şahíd	martyr	Arabic	2	
şáhidí	witness	Arabic	1	
sahkandan	moribundity	Balochi	3	
şahzáda	prince	Farsi	5	
şakbar	suspicious	Arabic	1	
şakbíŕ	suspicious	Arabic	1	
sál	year	Farsi	41	
salám alek	may peace be upon you	Arabic	6	
salám alekum	may peace be upon you	Arabic	2	
salám válek	may peace be upon you too	Arabic	3	
salám-duá	hello and hi	Arabic	1	
salámí	salutation	Arabic	1	
şám	evening	Farsi	59	
samandar	sea	Hindi-Urdu	1	
sambál	watching	Hindi-Urdu	5	
sanad	certificate	Arabic	1	
şántul	a bird	Balochi	1	
şanza	heavy rain	Balochi	0	
saodágir	merchant	Farsi	14	
şaogír	all nighter	Balochi	1	
şaok	desire; hobby	Arabic	3	
şaońk	desire; hobby	Arabic	7	
saozí	vegetable	Farsi	2	
şar	good	Balochi	1	
şár	city; town	Farsi	57	
şár-válá	city resident	Farsi	5	
şara	Islamic law	Arabic	2	
şaraf	honor	Arabic	1	
sarbála	ascent	Balochi	1	
sardár	chief	Farsi	10	
sarhál	topic	Balochi	3	
şarhálí	satisfaction	Balochi	1	
sarkár	government	Farsi	1	
sarkárí	governmental	Urdu	2	
şarm	shame	Farsi	3	
sarpand	understood	Balochi	6	
sarsob	successful	Balochi	9	
sarsob mann-ińg	to be successful; pass an exam	Balochi	0	
sarsohb	successful	Balochi	1	
şaŕt	bet; condition	Arabic	57	
şaŕtí	gambling; related to bet	Arabic	4	
şaŕtí	gambler	Arabic	1	
sarzorí	ferocity	Farsi	1	
şaş	six	Balochi	21	
sátí	companion	Hindi-Urdu	1	
şátkámí	fervor	Farsi	1	
savál	question	Arabic	4	
saxávat	generosity	Arabic	1	
sáz	tune; melody	Farsi	9	
şázáda	prince	Farsi	2	
sekŧiríeŧ	secretariat	English	2	
ser	seer	English	14	
şer	lion	Farsi	3	
şer-zál	brave-lady	Farsi, Balochi	0	
seŧ	merchant; Hindu	Hindi-Urdu	3	
sí	30	Farsi	1	
sifat	praise	Arabic	3	
sifatt o saná	praise and profit	Arabic	1	
sigreŧ	cigarette	English	1	
şikárí	hunter	Farsi	1	
sína	chest	Farsi	9	
síńgár	grooming	Hindi-Urdu	2	
şíşa	glass	Farsi	2	
siyág	silhouette	Balochi	2	
sodágir	merchant	Farsi	1	
soj	inquiry	Balochi	19	
suál	question	Arabic	3	
suár	horseman	Farsi	2	
suárí	riding	Farsi	1	
subán alláh	glory to God	Arabic	6	
subʰán alláh	glory to God	Arabic	1	
súdo	with	Sindhi	1	
şukr	thanksgiving	Arabic	2	
şukur	thanksgiving	Arabic	1	
şúm	unlucky	Arabic	8	
sun	desolate	Hindi-Urdu	4	
sundúx	box	Arabic	1	
sunŧ	beak	Hindi-Urdu	6	
surna	flute	Farsi	1	
şurú kann-ińg	to begin	Arabic	2	
surxí	headline	Farsi	1	
sust	weak	Farsi	2	
táj	crown; crest	Arabic	2	
taklíf	obligation	Arabic	1	
talá	pond; land	Farsi	5	
taláp	pond	Farsi	9	
tálukdárí	relationship	Arabic	1	
tám	delicacy; feast	Arabic	2	
tamba	rafter	Pashto	1	
táńŕa	station	Hindi-Urdu	1	
táńzí	hound	Farsi	3	
taokal	venture; no difficulty	Arabic	7	
tappaí	class politics; sectionalism	Arabic	2	
taŕ	bath	Sindhi	1	
tár-tár	threadlike	Farsi	1	
taŕa	porch	Hindi-Urdu	1	
tarakkí	promotion	Arabic	1	
tarán	speech	Balochi	6	
tárík	date	Arabic	1	
táríx	date	Arabic	1	
taŕs	compassion	Hindi-Urdu	3	
tassallí	persuasion	Arabic	1	
táván	reparation	Farsi	2	
taxt	throne; crown	Farsi	4	
tayár	ready	Arabic	3	
tayárí	preparation	Farsi	1	
táza	fresh	Farsi	1	
tel	oil	Hindi-Urdu	14	
tez	fast; fierce; loud	Farsi	5	
thaŕa	porch	Hindi-Urdu	3	
thorav	thank	Sindhi	1	
tílí	burning	Hindi-Urdu	2	
tír	beam of the roof; arrow	Farsi	11	
tír-kamán	arrow and bow	Farsi	2	
tiyárí	ready	Farsi	1	
toál	towel	English	1	
toba	earlobe; obedience	Arabic	1	
tok	inner part	Balochi	1	
trappaŕ	bedding	Sindhi	2	
trund	fierce; quick	Balochi	5	
tuf	spit	Hindi-Urdu	2	
túfán	tornado	Arabic	1	
tuman	tribe	Urdu	5	
turund	fierce	Balochi	4	
ŧaep	tape	English	1	
ŧag	robber	Hindi-Urdu	4	
ŧap	tap	English	1	
ŧhap	wound	Balochi	4	
ŧík	okay	Hindi-Urdu	2	
ŧik ŧik	of a clock	English	14	
ŧín	square tin	English	2	
ŧíví	TV	English	4	
ŧop	cap	Hindi-Urdu	10	
umr-kaez	life sentence	Arabic	1	
vaeńŕá	anxious	Farsi	1	
vaeŕá	anxious	Farsi	1	
vaeŕáí	anxiety	Farsi	1	
vakíl	chancellor; advocate	Arabic	32	
válek	and upon you	Arabic	3	
válek salám	may peace be upon you	Arabic	2	
valekum salám	and may peace be upon you	Arabic	2	
válekum salám	and may peace be upon you	Arabic	5	
vám	loan	Farsi	4	
vámdár	in debt	Farsi	2	
vápár	trade; merchant	Hindi-Urdu	8	
váris	protector	Arabic	2	
várxatá	hesitant	Pashto	2	
vatan	home country	Arabic	5	
vatáx	living room; reception hall; guesthouse	Farsi	2	
vaxt o pás	time and section	Arabic, Farsi	1	
váxub	known	Arabic	1	
vazífa	scholarship	Arabic	1	
vazír	minister	Arabic	75	
viláyattí	foreign	Arabic	1	
xabaŕdár	beware	Arabic	1	
xadar	importance	Arabic	1	
xaerát	sacrifice; memorial feast	Arabic	15	
xaerátí	lowly	Arabic	1	
xańjar	dagger	Farsi	1	
xaŕc	expense	Urdu	4	
xarc o xarábát	expenses	Arabic	1	
xaŕca	expense	Urdu	1	
xás	especially	Arabic	1	
xátir	cause	Arabic	3	
xizmat	service	Arabic	8	
xon	murder	Farsi	7	
xorák	food	Farsi	1	
xoşá	bunch	Farsi	1	
xuáninda	student	Farsi	1	
xuár	destitute	Farsi	5	
xuárí	hard work	Farsi	9	
xudá	god	Farsi	63	
xudá háfiz	goodbye	Farsi, Arabic	4	
xún	murder	Farsi	3	
yá	or	Farsi	90	
yaksarí	loneliness	Farsi	3	
yát	memory	Farsi	5	
yátgár	memorable	Farsi	1	
yax	cold	Farsi	16	
zálim	cruel	Arabic	4	
zálim	tyrant	Arabic	2	
zamána-sází	popular in the era	Farsi	1	
zamín	earth	Farsi	3	
zamíndár	landlord	Farsi	3	
zamzír	chain	Farsi	4	
zańg	rust	Farsi	3	
zańgí	rusty	Farsi	6	
zár	extreme	Farsi	1	
zaŕdoí	jaundice	Farsi	1	
zát	being	Arabic	2	
zid	importunity	Arabic	1	
zikr	zikr chant	Arabic	1	
zímal	song	Balochi	1	
zimavár	responsible	Arabic	1	
zinda	alive	Farsi	10	
zirát	agriculture	Arabic	1	
ziyárat	paying visit	Arabic	2	
zor	powerful; fast	Farsi	22	
zukám	cold	Arabic	1	
